{
    "deviceName" : "Gloworm_Release_1",
    "deviceLogoPath" : "gloworm.png",
    "supportURL" : "https://support.photonvision.com",
    "ledPins" : [ 13, 18 ],
    "ledSetCommand" : "",
    "ledsCanDim" : true,
    "ledPWMRange" : [ 0, 100 ],
    "ledPWMSetRange" : "",
    "ledPWMFrequency" : 30000,
    "ledDimCommand" : "echo 10",
    "ledBlinkCommand" : "echo 10",
    "statusRGBPins" : [ -1, -1, -1 ],
    "cpuTempCommand" : "echo 10",
    "cpuMemoryCommand" : "echo 10",
    "cpuUtilCommand" : "echo 10",
    "gpuMemoryCommand" : "echo 10",
    "gpuTempCommand" : "echo 10",
    "ramUtilCommand" : "echo 10",
    "restartHardwareCommand" : "echo 10",
    "vendorFOV" : 74.8
  }