[ "ColoredShapePipelineSettings", {
  "pipelineIndex" : 0,
  "pipelineType" : "ColoredShape",
  "inputImageFlipMode" : "NONE",
  "inputImageRotationMode" : "DEG_0",
  "pipelineNickname" : "Red ball find new",
  "cameraExposure" : 100.0,
  "cameraBrightness" : 62,
  "cameraGain" : 17,
  "cameraVideoModeIndex" : 0,
  "streamingFrameDivisor" : "NONE",
  "ledMode" : true,
  "inputShouldShow" : true,
  "outputShouldShow" : true,
  "hsvHue" : {
    "first" : 0,
    "second" : 15
  },
  "hsvSaturation" : {
    "first" : 77,
    "second" : 136
  },
  "hsvValue" : {
    "first" : 66,
    "second" : 230
  },
  "outputShouldDraw" : true,
  "outputShowMultipleTargets" : false,
  "contourArea" : {
    "first" : 0.0,
    "second" : 25.0
  },
  "contourRatio" : {
    "first" : 0.0,
    "second" : 20.0
  },
  "contourFullness" : {
    "first" : 0.0,
    "second" : 100.0
  },
  "contourSpecklePercentage" : 100,
  "contourSortMode" : "Largest",
  "contourTargetOffsetPointEdge" : "Center",
  "contourTargetOrientation" : "Landscape",
  "offsetRobotOffsetMode" : "None",
  "offsetSinglePoint" : {
    "x" : 0.0,
    "y" : 0.0
  },
  "offsetDualPointA" : {
    "x" : 0.0,
    "y" : 0.0
  },
  "offsetDualPointAArea" : 0.0,
  "offsetDualPointB" : {
    "x" : 0.0,
    "y" : 0.0
  },
  "offsetDualPointBArea" : 0.0,
  "contourGroupingMode" : "Single",
  "contourIntersection" : "Up",
  "solvePNPEnabled" : false,
  "targetModel" : "k2020HighGoalOuter",
  "cornerDetectionStrategy" : "APPROX_POLY_DP_AND_EXTREME_CORNERS",
  "cornerDetectionUseConvexHulls" : true,
  "cornerDetectionExactSideCount" : false,
  "cornerDetectionSideCount" : 4,
  "cornerDetectionAccuracyPercentage" : 10.0,
  "contourShape" : "Circle",
  "contourPerimeter" : {
    "first" : 0.0,
    "second" : 4000.0
  },
  "accuracyPercentage" : 10.0,
  "circleDetectThreshold" : 16,
  "contourRadius" : {
    "first" : 5,
    "second" : 25
  },
  "minDist" : 20,
  "maxCannyThresh" : 100,
  "circleAccuracy" : 2,
  "cameraCalibration" : null,
  "erode" : false,
  "dilate" : true
} ]